Template ID,Title,Category / Family,Artifact Type,Existing Control Mappings,CUI/FCI Language,Proposed Package Applicability,Proposed Information Type,Proposed Variant Family,CMMC Level,Active,Conflicts,Recommended Action
"AC-PROC-004","External Systems, Portable Storage, and Public Content Procedure","Access Control","Procedure","3.1.20, 3.1.21, 3.1.22","CUI","CMMC_L2_SELF:EXACT; NIST_800_171_R2:EXACT","CUI","","L2","Yes","","No action required"
"AC-PROC-005","CUI Flow Control and Data Transfer Procedure","Access Control","Procedure","3.1.3","CUI","CMMC_L2_SELF:EXACT; NIST_800_171_R2:EXACT","CUI","","L2","Yes","","No action required"
"AT-POL-001","Security Awareness and Training Policy","Awareness and Training","Policy","3.2.1, 3.2.2, 3.2.3","Both/Mixed","CMMC_L2_SELF:EXACT; NIST_800_171_R2:EXACT; CMMC_L1_SELF:SHARED; FAR_52_204_21:SHARED","BOTH","","L2","Yes","","No action required"
"AC-PROC-001","Account Management and Access Authorization Procedure","Access Control","Procedure","3.1.1, 3.1.2, 3.1.5, 3.1.6, 3.1.7 (+3 more)","CUI","CMMC_L2_SELF:EXACT; NIST_800_171_R2:EXACT","CUI","","L2","Yes","","No action required"
"AC-MAT-001","Authorized User, Device, and Role Access Matrix","Access Control","Matrix/Table","3.1.1, 3.1.2, 3.1.4, 3.1.5, 3.1.7","CUI","CMMC_L2_SELF:EXACT; NIST_800_171_R2:EXACT","CUI","","L2","Yes","","No action required"
"AC-STD-001","Least Privilege and Privileged Access Standard","Access Control","Standard","3.1.4, 3.1.5, 3.1.6, 3.1.7","CUI","CMMC_L2_SELF:EXACT; NIST_800_171_R2:EXACT","CUI","","L2","Yes","","No action required"
"AC-STD-002","Logon, Session Lock, Session Termination, and System Use Notification Standard","Access Control","Standard","3.1.8, 3.1.9, 3.1.10, 3.1.11","CUI","CMMC_L2_SELF:EXACT; NIST_800_171_R2:EXACT","CUI","","L2","Yes","","No action required"
"AC-PROC-002","Remote Access Control Procedure","Access Control","Procedure","3.1.12, 3.1.13, 3.1.14, 3.1.15","CUI","CMMC_L2_SELF:EXACT; NIST_800_171_R2:EXACT","CUI","","L2","Yes","","No action required"
"AT-PROC-001","Insider Threat Awareness Procedure","Awareness and Training","Procedure","3.2.3","Both/Mixed","CMMC_L2_SELF:EXACT; NIST_800_171_R2:EXACT; CMMC_L1_SELF:SHARED; FAR_52_204_21:SHARED","BOTH","","L2","Yes","","No action required"
"AU-STD-001","Auditable Event, Log Content, Retention, and Time Synchronization Standard","Audit and Accountability","Standard","3.3.1, 3.3.2, 3.3.3, 3.3.6, 3.3.7 (+2 more)","CUI","CMMC_L2_SELF:EXACT; NIST_800_171_R2:EXACT","CUI","","L2","Yes","","No action required"
"AU-PROC-001","Audit Log Review and Monitoring Procedure","Audit and Accountability","Procedure","3.3.1, 3.3.3, 3.3.5, 3.3.6, 3.3.8","CUI","CMMC_L2_SELF:EXACT; NIST_800_171_R2:EXACT","CUI","","L2","Yes","","No action required"
"AU-PROC-002","Audit Logging Failure Response Procedure","Audit and Accountability","Procedure","3.3.4","CUI","CMMC_L2_SELF:EXACT; NIST_800_171_R2:EXACT","CUI","","L2","Yes","","No action required"
"CM-POL-001","Configuration Management Policy","Configuration Management","Policy","3.4.1, 3.4.2, 3.4.3, 3.4.4, 3.4.5 (+4 more)","CUI","CMMC_L2_SELF:EXACT; NIST_800_171_R2:EXACT","CUI","","L2","Yes","","No action required"
"CM-STD-001","Baseline Configuration Standard and Inventory Template","Configuration Management","Standard/Inventory","3.4.1, 3.4.2","CUI","CMMC_L2_SELF:EXACT; NIST_800_171_R2:EXACT","CUI","","L2","Yes","","No action required"
"CM-STD-002","Secure Configuration and Least Functionality Standard","Configuration Management","Standard","3.4.2, 3.4.5, 3.4.6","CUI","CMMC_L2_SELF:EXACT; NIST_800_171_R2:EXACT","CUI","","L2","Yes","","No action required"
"IA-POL-001","Identification and Authentication Policy","Identification and Authentication","Policy","3.5.1, 3.5.2, 3.5.3, 3.5.4, 3.5.5 (+6 more)","CUI","CMMC_L2_SELF:EXACT; NIST_800_171_R2:EXACT","CUI","","L2","Yes","","No action required"
"IA-PROC-001","Identifier Management Procedure","Identification and Authentication","Procedure","3.5.1, 3.5.2","CUI","CMMC_L2_SELF:EXACT; NIST_800_171_R2:EXACT","CUI","","L2","Yes","","No action required"
"IA-STD-001","Password, MFA, and Authenticator Standard","Identification and Authentication","Standard","3.5.2, 3.5.3, 3.5.4, 3.5.5, 3.5.6 (+5 more)","CUI","CMMC_L2_SELF:EXACT; NIST_800_171_R2:EXACT","CUI","","L2","Yes","","No action required"
"IA-PROC-002","Authenticator Lifecycle Management Procedure","Identification and Authentication","Procedure","3.5.3, 3.5.4, 3.5.5, 3.5.6, 3.5.7 (+1 more)","CUI","CMMC_L2_SELF:EXACT; NIST_800_171_R2:EXACT","CUI","","L2","Yes","","No action required"
"IR-POL-001","Incident Response Policy","Incident Response","Policy","3.6.1, 3.6.2, 3.6.3","Both/Mixed","CMMC_L2_SELF:EXACT; NIST_800_171_R2:EXACT; CMMC_L1_SELF:SHARED; FAR_52_204_21:SHARED","BOTH","","L2","Yes","","No action required"
"IR-PLAN-001","Incident Response Plan","Incident Response","Plan","3.6.1, 3.6.2, 3.6.3","CUI","CMMC_L2_SELF:EXACT; NIST_800_171_R2:EXACT","CUI","","L2","Yes","","No action required"
"IR-PROC-001","Incident Handling and Reporting Procedure","Incident Response","Procedure","3.6.1, 3.6.2","CUI","CMMC_L2_SELF:EXACT; NIST_800_171_R2:EXACT","CUI","","L2","Yes","","No action required"
"IR-LOG-001","Incident Response Test and Exercise After-Action Report","Incident Response","Form/Report","3.6.3","CUI","CMMC_L2_SELF:EXACT; NIST_800_171_R2:EXACT","CUI","","L2","Yes","","No action required"
"MA-POL-001","System Maintenance Policy","Maintenance","Policy","3.7.1, 3.7.2, 3.7.3, 3.7.4, 3.7.5 (+1 more)","CUI","CMMC_L2_SELF:EXACT; NIST_800_171_R2:EXACT","CUI","","L2","Yes","","No action required"
"MA-PROC-001","Controlled Maintenance Procedure","Maintenance","Procedure","3.7.1, 3.7.2, 3.7.3","CUI","CMMC_L2_SELF:EXACT; NIST_800_171_R2:EXACT","CUI","","L2","Yes","","No action required"
"MA-PROC-002","Remote and External Maintenance Procedure","Maintenance","Procedure","3.7.4, 3.7.5, 3.7.6","CUI","CMMC_L2_SELF:EXACT; NIST_800_171_R2:EXACT","CUI","","L2","Yes","","No action required"
"MP-POL-001","Media Protection Policy","Media Protection","Policy","3.8.1, 3.8.2, 3.8.3, 3.8.4, 3.8.5 (+4 more)","CUI","CMMC_L2_SELF:EXACT; NIST_800_171_R2:EXACT","CUI","","L2","Yes","","No action required"
"MP-PROC-001","Media Handling, Marking, Storage, and Access Procedure","Media Protection","Procedure","3.8.1, 3.8.2, 3.8.4, 3.8.7, 3.8.8","CUI","CMMC_L2_SELF:EXACT; NIST_800_171_R2:EXACT","CUI","","L2","Yes","","No action required"
"MP-PROC-002","Media Transport and Accountability Procedure","Media Protection","Procedure","3.8.5, 3.8.6","CUI","CMMC_L2_SELF:EXACT; NIST_800_171_R2:EXACT","CUI","","L2","Yes","","No action required"
"MP-PROC-003","Media Sanitization and Disposal Procedure","Media Protection","Procedure","3.8.3","CUI","CMMC_L2_SELF:EXACT; NIST_800_171_R2:EXACT","CUI","","L2","Yes","","No action required"
"MP-PROC-004","Backup CUI Protection Procedure","Media Protection","Procedure","3.8.9","CUI","CMMC_L2_SELF:EXACT; NIST_800_171_R2:EXACT","CUI","","L2","Yes","","No action required"
"PS-POL-001","Personnel Security Policy","Personnel Security","Policy","3.9.1, 3.9.2","Both/Mixed","CMMC_L2_SELF:EXACT; NIST_800_171_R2:EXACT; CMMC_L1_SELF:SHARED; FAR_52_204_21:SHARED","BOTH","","L2","Yes","","No action required"
"PS-PROC-001","Personnel Screening and Access Authorization Procedure","Personnel Security","Procedure","3.9.1","Both/Mixed","CMMC_L2_SELF:EXACT; NIST_800_171_R2:EXACT; CMMC_L1_SELF:SHARED; FAR_52_204_21:SHARED","BOTH","","L2","Yes","","No action required"
"PE-POL-001","Physical Protection Policy","Physical Protection","Policy","3.10.1, 3.10.2, 3.10.3, 3.10.4, 3.10.5 (+1 more)","CUI","CMMC_L2_SELF:EXACT; NIST_800_171_R2:EXACT","CUI","","L2","Yes","","No action required"
"PE-PROC-001","Facility Physical Access and Monitoring Procedure","Physical Protection","Procedure","3.10.1, 3.10.2, 3.10.4","CUI","CMMC_L2_SELF:EXACT; NIST_800_171_R2:EXACT","CUI","","L2","Yes","","No action required"
"PE-LOG-001","Visitor Log and Escort Record","Physical Protection","Log/Form","3.10.3, 3.10.4","CUI","CMMC_L2_SELF:EXACT; NIST_800_171_R2:EXACT","CUI","","L2","Yes","","No action required"
"PE-REG-001","Physical Access Device Inventory and Review Log","Physical Protection","Register/Table","3.10.5","CUI","CMMC_L2_SELF:EXACT; NIST_800_171_R2:EXACT","CUI","","L2","Yes","","No action required"
"PE-PROC-002","Alternate Work Site Safeguarding Procedure","Physical Protection","Procedure","3.10.6","CUI","CMMC_L2_SELF:EXACT; NIST_800_171_R2:EXACT","CUI","","L2","Yes","","No action required"
"RA-POL-001","Risk Assessment Policy","Risk Assessment","Policy","3.11.1, 3.11.2, 3.11.3","CUI","CMMC_L2_SELF:EXACT; NIST_800_171_R2:EXACT","CUI","","L2","Yes","","No action required"
"RA-PROC-001","Risk Assessment Procedure and Risk Register","Risk Assessment","Procedure/Register","3.11.1, 3.11.3","CUI","CMMC_L2_SELF:EXACT; NIST_800_171_R2:EXACT","CUI","","L2","Yes","","No action required"
"CA-POL-001","Security Assessment Policy","Security Assessment","Policy","3.12.1, 3.12.2, 3.12.3, 3.12.4","CUI","CMMC_L2_SELF:EXACT; NIST_800_171_R2:EXACT","CUI","","L2","Yes","","No action required"
"CA-PROC-001","Security Control Assessment Procedure and Results Matrix","Security Assessment","Procedure/Matrix","3.12.1","CUI","CMMC_L2_SELF:EXACT; NIST_800_171_R2:EXACT","CUI","","L2","Yes","","No action required"
"CA-PROC-002","POA&M Management Procedure and Tracker","Security Assessment","Procedure/Tracker","3.12.2","CUI","CMMC_L2_SELF:EXACT; NIST_800_171_R2:EXACT","CUI","","L2","Yes","","No action required"
"CA-PLAN-001","Continuous Monitoring Plan","Security Assessment","Plan","3.12.3","CUI","CMMC_L2_SELF:EXACT; NIST_800_171_R2:EXACT","CUI","","L2","Yes","","No action required"
"SC-POL-001","System and Communications Protection Policy","System and Communications Protection","Policy","3.13.1, 3.13.2, 3.13.3, 3.13.4, 3.13.5 (+11 more)","CUI","CMMC_L2_SELF:EXACT; NIST_800_171_R2:EXACT","CUI","","L2","Yes","","No action required"
"SC-STD-003","Cryptographic Protection, FIPS Validation, and Key Management Standard","System and Communications Protection","Standard","3.1.13, 3.1.19, 3.8.6, 3.13.8, 3.13.10 (+2 more)","CUI","CMMC_L2_SELF:EXACT; NIST_800_171_R2:EXACT","CUI","","L2","Yes","","No action required"
"SC-REG-001","CUI System Boundary, Asset, Connection, and Data Flow Inventory","System and Communications Protection","Inventory","3.1.3, 3.12.4, 3.13.1, 3.13.2, 3.13.5 (+1 more)","CUI","CMMC_L2_SELF:EXACT; NIST_800_171_R2:EXACT","CUI","","L2","Yes","","No action required"
"SI-POL-001","System and Information Integrity Policy","System and Information Integrity","Policy","3.14.1, 3.14.2, 3.14.3, 3.14.4, 3.14.5 (+2 more)","CUI","CMMC_L2_SELF:EXACT; NIST_800_171_R2:EXACT","CUI","","L2","Yes","","No action required"
"SI-PROC-001","Flaw Remediation and Patch Management Procedure","System and Information Integrity","Procedure","3.14.1","CUI","CMMC_L2_SELF:EXACT; NIST_800_171_R2:EXACT","CUI","","L2","Yes","","No action required"
"SI-PROC-002","Malware Protection and Scanning Procedure","System and Information Integrity","Procedure","3.14.2, 3.14.4, 3.14.5","CUI","CMMC_L2_SELF:EXACT; NIST_800_171_R2:EXACT","CUI","","L2","Yes","","No action required"
"AC-PROC-003","Wireless and Mobile Device Access Procedure","Access Control","Procedure","3.1.16, 3.1.17, 3.1.18, 3.1.19","CUI","CMMC_L2_SELF:EXACT; NIST_800_171_R2:EXACT","CUI","","L2","Yes","","No action required"
"AT-PLAN-001","Security Training Plan and Curriculum","Awareness and Training","Plan","3.2.1, 3.2.2, 3.2.3","Both/Mixed","CMMC_L2_SELF:EXACT; NIST_800_171_R2:EXACT; CMMC_L1_SELF:SHARED; FAR_52_204_21:SHARED","BOTH","","L2","Yes","","No action required"
"AC-POL-001","Access Control Policy","Access Control","Policy","3.1.1, 3.1.2, 3.1.3, 3.1.4, 3.1.5 (+17 more)","CUI","CMMC_L2_SELF:EXACT; NIST_800_171_R2:EXACT","CUI","","L2","Yes","","No action required"
"AT-REG-001","Training Completion Register","Awareness and Training","Register/Table","3.2.1, 3.2.2, 3.2.3","Both/Mixed","CMMC_L2_SELF:EXACT; NIST_800_171_R2:EXACT; CMMC_L1_SELF:SHARED; FAR_52_204_21:SHARED","BOTH","","L2","Yes","","No action required"
"AU-POL-001","Audit and Accountability Policy","Audit and Accountability","Policy","3.3.1, 3.3.2, 3.3.3, 3.3.4, 3.3.5 (+4 more)","CUI","CMMC_L2_SELF:EXACT; NIST_800_171_R2:EXACT","CUI","","L2","Yes","","No action required"
"CM-PROC-001","Change Management and Security Impact Analysis Procedure","Configuration Management","Procedure","3.4.3, 3.4.4","CUI","CMMC_L2_SELF:EXACT; NIST_800_171_R2:EXACT","CUI","","L2","Yes","","No action required"
"GOV-AUP-001","Rules of Behavior and Acceptable Use Policy","Media Protection","Policy","3.1.9, 3.2.1, 3.8.7, 3.8.8","CUI","CMMC_L2_SELF:EXACT; NIST_800_171_R2:EXACT","CUI","","L2","Yes","","No action required"
"CM-PROC-002","Software Inventory, Allow/Deny Listing, and User-Installed Software Procedure","Configuration Management","Procedure","3.4.6, 3.4.7, 3.4.8, 3.4.9","CUI","CMMC_L2_SELF:EXACT; NIST_800_171_R2:EXACT","CUI","","L2","Yes","","No action required"
"IA-STD-002","Replay-Resistant Authentication and Obscured Feedback Standard","Identification and Authentication","Standard","3.5.4, 3.5.10, 3.5.11","CUI","CMMC_L2_SELF:EXACT; NIST_800_171_R2:EXACT","CUI","","L2","Yes","","No action required"
"MA-LOG-001","Equipment Sanitization and Release Record","Maintenance","Log/Form","3.7.3","CUI","CMMC_L2_SELF:EXACT; NIST_800_171_R2:EXACT","CUI","","L2","Yes","","No action required"
"PS-PROC-002","Personnel Transfer and Termination Procedure and Checklist","Personnel Security","Procedure/Checklist","3.9.2","Both/Mixed","CMMC_L2_SELF:EXACT; NIST_800_171_R2:EXACT; CMMC_L1_SELF:SHARED; FAR_52_204_21:SHARED","BOTH","","L2","Yes","","No action required"
"RA-PROC-002","Vulnerability Scanning and Remediation Procedure","Risk Assessment","Procedure","3.11.2, 3.11.3","CUI","CMMC_L2_SELF:EXACT; NIST_800_171_R2:EXACT","CUI","","L2","Yes","","No action required"
"CA-PLAN-002","System Security Plan Template","Security Assessment","Plan","3.12.4","CUI","CMMC_L2_SELF:EXACT; NIST_800_171_R2:EXACT","CUI","","L2","Yes","","No action required"
"SC-STD-001","Boundary Protection, Network Segmentation, and Firewall Rule Review Standard","System and Communications Protection","Standard/Procedure","3.13.1, 3.13.5, 3.13.6","CUI","CMMC_L2_SELF:EXACT; NIST_800_171_R2:EXACT","CUI","","L2","Yes","","No action required"
"SC-STD-002","Secure Network Architecture and Engineering Standard","System and Communications Protection","Standard","3.13.2, 3.13.3, 3.13.4, 3.13.9, 3.13.15","CUI","CMMC_L2_SELF:EXACT; NIST_800_171_R2:EXACT","CUI","","L2","Yes","","No action required"
"SC-PROC-001","Split Tunneling, Collaborative Computing, Mobile Code, and VoIP Control Procedure","System and Communications Protection","Procedure","3.13.7, 3.13.12, 3.13.13, 3.13.14","CUI","CMMC_L2_SELF:EXACT; NIST_800_171_R2:EXACT","CUI","","L2","Yes","","No action required"
"SI-PROC-003","Security Alerts, Advisories, Monitoring, and Unauthorized Use Procedure","System and Information Integrity","Procedure","3.14.3, 3.14.6, 3.14.7","CUI","CMMC_L2_SELF:EXACT; NIST_800_171_R2:EXACT","CUI","","L2","Yes","","No action required"
"L1-POL-001","FCI Security Policy","Level 1 FCI","Policy","3.1.1, 3.1.2","FCI","CMMC_L1_SELF:EXACT; FAR_52_204_21:EXACT","FCI","fci-security-policy","L1","Yes","","No action required"
"L1-POL-002","Access Control Policy (FCI)","Level 1 FCI","Policy","3.1.1, 3.1.2, 3.1.20, 3.1.22","FCI","CMMC_L1_SELF:EXACT; FAR_52_204_21:EXACT","FCI","access-control-policy","L1","Yes","","No action required"
"L1-POL-003","Identification and Authentication Policy (FCI)","Level 1 FCI","Policy","3.5.1, 3.5.2","FCI","CMMC_L1_SELF:EXACT; FAR_52_204_21:EXACT","FCI","ia-policy","L1","Yes","","No action required"
"L1-POL-004","Media Protection Policy (FCI)","Level 1 FCI","Policy","3.8.3","FCI","CMMC_L1_SELF:EXACT; FAR_52_204_21:EXACT","FCI","media-protection-policy","L1","Yes","","No action required"
"L1-POL-005","Physical Protection Policy (FCI)","Level 1 FCI","Policy","3.10.1, 3.10.3, 3.10.4, 3.10.5","FCI","CMMC_L1_SELF:EXACT; FAR_52_204_21:EXACT","FCI","physical-protection-policy","L1","Yes","","No action required"
"L1-POL-006","System and Communications Protection Policy (FCI)","Level 1 FCI","Policy","3.13.1, 3.13.5","FCI","CMMC_L1_SELF:EXACT; FAR_52_204_21:EXACT","FCI","sc-protection-policy","L1","Yes","","No action required"
"L1-POL-007","System and Information Integrity Policy (FCI)","Level 1 FCI","Policy","3.14.1, 3.14.2, 3.14.4, 3.14.5","FCI","CMMC_L1_SELF:EXACT; FAR_52_204_21:EXACT","FCI","si-integrity-policy","L1","Yes","","No action required"
"L1-PROC-001","Access Control Procedure (FCI)","Level 1 FCI","Procedure","3.1.1, 3.1.2","FCI","CMMC_L1_SELF:EXACT; FAR_52_204_21:EXACT","FCI","access-control-procedure","L1","Yes","","No action required"
"L1-PROC-002","User Identification and Authentication Procedure (FCI)","Level 1 FCI","Procedure","3.5.1, 3.5.2","FCI","CMMC_L1_SELF:EXACT; FAR_52_204_21:EXACT","FCI","ia-procedure","L1","Yes","","No action required"
"L1-PROC-003","Media Sanitization and Disposal Procedure (FCI)","Level 1 FCI","Procedure","3.8.3","FCI","CMMC_L1_SELF:EXACT; FAR_52_204_21:EXACT","FCI","media-disposal-procedure","L1","Yes","","No action required"
"L1-PROC-004","Visitor Management and Physical Access Procedure (FCI)","Level 1 FCI","Procedure","3.10.1, 3.10.3, 3.10.4, 3.10.5","FCI","CMMC_L1_SELF:EXACT; FAR_52_204_21:EXACT","FCI","visitor-physical-access-procedure","L1","Yes","","No action required"
"L1-PROC-005","Malware Protection Procedure (FCI)","Level 1 FCI","Procedure","3.14.2, 3.14.4, 3.14.5","FCI","CMMC_L1_SELF:EXACT; FAR_52_204_21:EXACT","FCI","malware-protection-procedure","L1","Yes","","No action required"
"L1-PROC-006","Patch and Flaw Remediation Procedure (FCI)","Level 1 FCI","Procedure","3.14.1","FCI","CMMC_L1_SELF:EXACT; FAR_52_204_21:EXACT","FCI","patch-remediation-procedure","L1","Yes","","No action required"
"L1-PROC-007","Network Boundary Protection Procedure (FCI)","Level 1 FCI","Procedure","3.13.1, 3.13.5","FCI","CMMC_L1_SELF:EXACT; FAR_52_204_21:EXACT","FCI","boundary-protection-procedure","L1","Yes","","No action required"
"L1-TRAIN-001","Annual FCI Security Awareness Training Record","Level 1 FCI","Training Record","","FCI","CMMC_L1_SELF:EXACT; FAR_52_204_21:EXACT","FCI","fci-training-record","L1","Yes","","No action required"
"L1-LOG-001","Quarterly FCI Access Review Log","Level 1 FCI","Log","3.1.1, 3.1.2","FCI","CMMC_L1_SELF:EXACT; FAR_52_204_21:EXACT","FCI","access-review-log","L1","Yes","","No action required"
"L1-LOG-002","Monthly Malware Scan Log (FCI)","Level 1 FCI","Log","3.14.2, 3.14.4, 3.14.5","FCI","CMMC_L1_SELF:EXACT; FAR_52_204_21:EXACT","FCI","malware-scan-log","L1","Yes","","No action required"
"L1-LOG-003","Physical Access Log (FCI)","Level 1 FCI","Log","3.10.4, 3.10.3","FCI","CMMC_L1_SELF:EXACT; FAR_52_204_21:EXACT","FCI","physical-access-log","L1","Yes","","No action required"
"L1-EVID-REG-001","FCI Asset Register","Level 1 FCI","Register/Table","3.1.1","FCI","CMMC_L1_SELF:EXACT; FAR_52_204_21:EXACT","FCI","fci-asset-register","L1","Yes","","No action required"